﻿{"cameraMode":{"drawMode":0,"name":"Shaded","section":"Shading Mode"},"sceneLighting":false,"audioPlay":false,"sceneViewState":{"showFog":true,"showMaterialUpdate":false,"showSkybox":false,"showFlares":true,"showImageEffects":true,"showParticleSystems":true},"in2DMode":false,"pivot":{"x":-0.059999942779541019,"y":-2.880000114440918,"z":-9.89062213897705},"rotation":{"x":-0.09818975627422333,"y":-0.059507161378860477,"z":-0.033277709037065509,"w":-0.992829442024231},"size":22.0,"orthographic":false}